{"mean": [173.87020874023438, 183.75010681152344, 185.8052978515625, 158.1903533935547, 155.2001953125, 161.04957580566406, 155.983642578125, 174.5998077392578, 182.0050506591797, 173.50808715820312, -1.0, -1.0, -1.0, -1.0, -1.0, -1.0, -1.0, -1.0, -1.0, -1.0, -1.0, -1.0, -1.0, -1.0, -1.0, -1.0, -1.0, -1.0, -1.0, -1.0, -1.0, -1.0, -1.0, -1.0, -1.0, -1.0, -1.0, -1.0, -1.0, -1.0, -1.0, -1.0, -1.0, -1.0, -1.0, -1.0, -1.0, -1.0, -1.0, -1.0], "std": [3.106049060821533, 7.56409215927124, 17.259187698364258, 10.522294044494629, 12.77039623260498, 16.733327865600586, 14.095593452453613, 19.409879684448242, 11.686429023742676, 5.038762092590332, 1.0, 1.0, 1.0, 1.0, 1.0, 1.0, 1.0, 1.0, 1.0, 1.0, 1.0, 1.0, 1.0, 1.0, 1.0, 1.0, 1.0, 1.0, 1.0, 1.0, 1.0, 1.0, 1.0, 1.0, 1.0, 1.0, 1.0, 1.0, 1.0, 1.0, 1.0, 1.0, 1.0, 1.0, 1.0, 1.0, 1.0, 1.0, 1.0, 1.0]}